<?xml version='1.0' encoding='UTF-8'?>
<vdb name="usstates" version="1">

<description>VDB for: USStates, Version: 1</description>
<connection-type>BY_VERSION</connection-type>
<property name="{http://teiid.org/rest}auto-generate" value="true"/>

<model name="USStates" type="VIRTUAL">
<description>Example US States Service</description>
<metadata type="DDL">
<![CDATA[CREATE VIEW SvcView (
	RowId integer,
	code string,
	name string,
	PRIMARY KEY(RowId)
)
AS
SELECT ROW_NUMBER() OVER (ORDER BY code), code, name FROM usstates.state;
SET NAMESPACE 'http://teiid.org/rest' AS REST;

CREATE VIRTUAL PROCEDURE RestProc() RETURNS TABLE (result xml)
OPTIONS ("REST:URI" 'rest', "REST:METHOD" 'GET')
AS
BEGIN
SELECT XMLELEMENT(NAME Elems, XMLAGG(XMLELEMENT(NAME Elem, XMLFOREST(RowId, code, name)))) AS result FROM SvcView;
END;
]]>

</metadata>
</model>
<model name="StatesSource" type="PHYSICAL">
<source name="StatesSource" translator-name="mysql5" connection-jndi-name="java:/MySqlStates"/>
</model>

</vdb>